Date,Product,Region,Sales_Channel,Age_Group,Sales
2022-04-13,Product C,West,Online,46-60,727
2022-12-15,Product C,West,Online,26-35,954
2022-09-28,Product A,South,In-store,36-45,365
2022-04-17,Product B,East,Online,18-25,414
2022-03-13,Product B,South,Online,26-35,814
2022-07-08,Product B,West,In-store,18-25,140
2022-01-21,Product A,South,Online,26-35,204
2022-04-13,Product C,East,In-store,36-45,989
2022-05-02,Product B,South,In-store,46-60,292
2022-08-03,Product B,East,In-store,26-35,500
2022-11-27,Product A,East,In-store,46-60,377
2022-03-29,Product B,South,In-store,26-35,453
2022-04-10,Product A,South,Online,18-25,848
2022-12-26,Product C,North,Online,18-25,832
2022-06-01,Product A,West,In-store,26-35,679
2022-05-11,Product A,East,In-store,46-60,808
2022-05-30,Product A,North,Online,36-45,355
2022-11-05,Product A,South,In-store,36-45,750
2022-09-15,Product C,West,In-store,18-25,923
2022-12-10,Product C,North,In-store,36-45,760
2022-10-21,Product B,East,Online,18-25,198
2022-07-11,Product C,North,Online,36-45,687
2022-10-04,Product C,East,In-store,26-35,381
2022-06-10,Product B,South,In-store,18-25,982
2022-11-10,Product C,West,Online,18-25,502
2022-01-22,Product A,West,Online,26-35,208
2022-09-10,Product A,West,In-store,18-25,799
2022-08-24,Product B,South,In-store,36-45,298
2022-12-11,Product B,East,Online,36-45,402
2022-02-18,Product B,South,Online,18-25,426
2022-02-28,Product A,West,Online,36-45,253
2022-06-19,Product C,South,In-store,46-60,651
2022-07-07,Product A,South,Online,18-25,744
2022-09-28,Product B,South,In-store,26-35,504
2022-07-09,Product C,East,Online,46-60,561
2022-06-24,Product C,North,Online,18-25,231
2022-02-20,Product A,North,Online,26-35,890
2022-12-30,Product B,South,Online,36-45,973
2022-02-24,Product A,North,In-store,26-35,183
2022-09-01,Product C,North,In-store,46-60,498
2022-11-16,Product A,South,Online,36-45,853
2022-05-11,Product A,South,In-store,18-25,727
2022-11-03,Product B,West,Online,36-45,208
2022-05-15,Product B,North,Online,18-25,320
2022-01-21,Product C,East,Online,18-25,652
2022-11-25,Product A,South,Online,26-35,467
2022-06-16,Product A,West,In-store,26-35,246
2022-10-01,Product A,East,Online,26-35,211
2022-03-30,Product C,North,Online,46-60,714
2022-11-12,Product C,West,In-store,46-60,657
2022-01-14,Product B,South,Online,26-35,593
2022-08-30,Product B,East,Online,46-60,604
2022-09-22,Product B,South,Online,36-45,574
2022-12-12,Product A,North,In-store,36-45,935
2022-02-22,Product A,East,Online,46-60,989
2022-12-06,Product B,North,In-store,46-60,370
2022-04-02,Product A,North,Online,36-45,520
2022-09-21,Product B,West,Online,18-25,996
2022-02-04,Product C,South,In-store,36-45,806
2022-07-25,Product B,East,Online,36-45,466
2022-03-22,Product C,North,Online,46-60,379
2022-02-19,Product A,North,In-store,36-45,382
2022-12-26,Product B,East,In-store,46-60,139
2022-01-02,Product A,North,In-store,46-60,288
2022-02-23,Product C,West,In-store,26-35,263
2022-04-16,Product C,West,In-store,36-45,635
2022-09-17,Product C,West,Online,18-25,635
2022-11-06,Product A,West,In-store,26-35,103
2022-07-10,Product A,North,Online,46-60,934
2022-08-06,Product A,East,Online,46-60,389
2022-02-13,Product A,East,Online,18-25,532
2022-06-11,Product C,East,In-store,46-60,570
2022-07-21,Product C,East,In-store,36-45,280
2022-09-27,Product B,South,Online,26-35,347
2022-12-17,Product B,East,In-store,46-60,727
2022-10-31,Product A,South,In-store,46-60,378
2022-09-28,Product C,South,In-store,18-25,976
2022-08-03,Product C,West,In-store,36-45,680
2022-09-09,Product C,South,Online,46-60,962
2022-07-09,Product B,North,Online,18-25,353
2022-10-23,Product B,South,In-store,46-60,280
2022-08-01,Product C,West,Online,18-25,929
2022-07-27,Product C,South,In-store,18-25,780
2022-08-25,Product C,North,In-store,36-45,924
2022-12-04,Product B,North,Online,46-60,608
2022-02-22,Product C,North,Online,36-45,860
2022-10-07,Product C,West,Online,18-25,799
2022-08-05,Product A,West,In-store,26-35,665
2022-09-09,Product A,East,Online,46-60,425
2022-07-07,Product B,West,In-store,26-35,456
2022-02-10,Product C,North,Online,46-60,924
2022-06-06,Product C,North,Online,36-45,749
2022-01-15,Product A,West,In-store,36-45,779
2022-10-28,Product B,South,In-store,36-45,490
2022-03-06,Product A,West,In-store,36-45,714
2022-12-11,Product A,West,In-store,36-45,184
2022-11-23,Product A,North,In-store,26-35,416
2022-01-09,Product A,East,In-store,36-45,311
2022-12-10,Product C,North,In-store,18-25,614
2022-05-09,Product C,East,In-store,18-25,483
2022-05-16,Product A,North,Online,26-35,790
2022-03-04,Product B,West,In-store,46-60,441
2022-05-19,Product B,North,In-store,18-25,914
2022-03-22,Product B,North,Online,46-60,943
2022-06-12,Product B,North,In-store,26-35,137
2022-10-16,Product A,West,Online,46-60,610
2022-09-18,Product C,West,Online,46-60,519
2022-08-19,Product B,West,In-store,46-60,850
2022-02-10,Product A,West,Online,46-60,268
2022-01-28,Product B,East,In-store,26-35,442
2022-05-15,Product B,East,Online,18-25,925
2022-07-20,Product A,South,Online,36-45,405
2022-11-24,Product C,West,Online,46-60,641
2022-09-25,Product C,East,In-store,18-25,801
2022-02-02,Product A,North,In-store,18-25,968
2022-02-17,Product C,West,Online,26-35,636
2022-03-03,Product A,South,Online,18-25,211
2022-08-04,Product A,South,In-store,26-35,510
2022-10-20,Product A,South,In-store,46-60,305
2022-04-09,Product C,North,Online,46-60,284
2022-06-21,Product A,East,Online,36-45,481
2022-12-26,Product B,North,In-store,36-45,595
2022-08-02,Product C,West,In-store,36-45,478
2022-02-04,Product C,South,In-store,18-25,146
2022-08-15,Product C,North,In-store,46-60,985
2022-04-11,Product C,North,In-store,26-35,839
2022-05-11,Product B,East,Online,36-45,650
2022-09-14,Product C,East,In-store,26-35,627
2022-01-05,Product C,South,Online,26-35,603
2022-08-06,Product A,North,In-store,36-45,121
2022-09-12,Product C,North,Online,46-60,312
2022-12-25,Product B,East,In-store,36-45,409
2022-10-10,Product B,North,In-store,26-35,760
2022-07-26,Product B,North,Online,36-45,852
2022-01-15,Product B,North,Online,26-35,371
2022-12-12,Product C,East,In-store,26-35,670
2022-02-11,Product C,South,In-store,36-45,898
2022-06-28,Product B,West,In-store,18-25,301
2022-03-04,Product B,South,In-store,36-45,131
2022-12-18,Product C,West,In-store,18-25,542
2022-08-19,Product B,North,Online,26-35,261
2022-08-29,Product A,South,Online,26-35,866
2022-02-21,Product B,West,In-store,18-25,353
2022-04-06,Product B,East,Online,26-35,620
2022-08-10,Product A,East,Online,18-25,750
2022-08-19,Product A,South,Online,18-25,579
2022-08-25,Product C,South,In-store,26-35,109
2022-05-23,Product C,North,Online,46-60,825
2022-06-20,Product A,South,In-store,18-25,604
2022-01-29,Product A,North,Online,36-45,884
2022-02-05,Product C,North,In-store,36-45,935
2022-01-13,Product B,East,Online,26-35,659
2022-06-09,Product A,East,In-store,46-60,535
2022-11-23,Product C,West,In-store,26-35,210
2022-07-06,Product B,East,Online,46-60,252
2022-08-31,Product A,East,In-store,18-25,734
2022-03-27,Product B,South,In-store,18-25,968
2022-10-11,Product C,East,In-store,18-25,201
2022-03-07,Product A,West,In-store,18-25,852
2022-06-19,Product B,South,In-store,36-45,932
2022-02-14,Product A,West,In-store,36-45,290
2022-03-03,Product B,East,In-store,26-35,828
2022-05-14,Product C,West,In-store,46-60,662
2022-10-11,Product C,South,Online,18-25,903
2022-01-28,Product A,North,Online,18-25,180
2022-04-18,Product B,West,In-store,46-60,588
2022-02-13,Product A,West,In-store,46-60,994
2022-12-06,Product A,South,Online,26-35,187
2022-10-13,Product B,South,Online,46-60,293
2022-11-27,Product B,West,Online,18-25,203
2022-05-08,Product B,East,In-store,18-25,882
2022-12-14,Product C,West,Online,18-25,195
2022-08-19,Product A,South,In-store,18-25,522
2022-07-09,Product A,North,In-store,18-25,990
2022-08-13,Product C,North,Online,26-35,297
2022-10-10,Product B,East,In-store,18-25,100
2022-05-01,Product C,West,In-store,26-35,506
2022-04-26,Product C,North,In-store,18-25,477
2022-08-21,Product C,West,In-store,36-45,266
2022-09-16,Product A,South,Online,36-45,608
2022-12-25,Product C,North,Online,36-45,737
2022-07-17,Product A,East,In-store,36-45,412
2022-05-17,Product A,South,In-store,26-35,692
2022-11-14,Product A,East,Online,26-35,517
2022-06-14,Product B,South,In-store,46-60,862
2022-08-13,Product A,North,Online,18-25,780
2022-11-03,Product A,East,In-store,36-45,576
2022-08-22,Product B,East,In-store,26-35,172
2022-06-21,Product A,South,Online,18-25,240
2022-06-01,Product C,East,Online,18-25,681
2022-11-11,Product C,South,Online,26-35,361
2022-06-09,Product A,South,Online,36-45,439
2022-04-06,Product B,South,In-store,46-60,407
2022-08-21,Product C,South,Online,18-25,344
2022-06-29,Product B,North,In-store,46-60,614
2022-04-23,Product B,South,Online,36-45,436
2022-11-14,Product C,West,Online,36-45,674
2022-02-21,Product B,East,In-store,46-60,660
2022-09-25,Product C,West,Online,36-45,175
2022-10-22,Product B,North,Online,18-25,979
2022-04-23,Product C,West,Online,46-60,274
2022-04-11,Product A,East,Online,36-45,208
2022-04-23,Product C,West,In-store,46-60,282
2022-03-22,Product C,North,In-store,18-25,291
2022-07-06,Product C,South,Online,36-45,164
2022-04-23,Product C,West,Online,18-25,948
2022-01-02,Product B,North,Online,36-45,573
2022-05-10,Product A,North,In-store,26-35,882
2022-08-08,Product C,East,In-store,36-45,199
2022-02-23,Product B,East,In-store,46-60,643
2022-12-09,Product A,West,In-store,36-45,963
2022-08-12,Product A,South,Online,18-25,227
2022-08-13,Product A,North,Online,18-25,551
2022-05-06,Product A,West,Online,36-45,468
2022-05-10,Product C,North,In-store,46-60,950
2022-02-22,Product C,North,Online,26-35,142
2022-06-21,Product B,South,In-store,46-60,983
2022-08-06,Product B,South,In-store,26-35,518
2022-06-09,Product B,West,Online,18-25,587
2022-07-17,Product A,South,Online,46-60,177
2022-09-04,Product A,South,Online,26-35,925
2022-11-20,Product C,West,In-store,36-45,900
2022-07-22,Product A,South,In-store,18-25,369
2022-07-03,Product A,East,Online,36-45,773
2022-05-03,Product A,North,Online,18-25,800
2022-09-12,Product B,North,In-store,46-60,858
2022-10-21,Product B,North,Online,46-60,999
2022-10-07,Product C,North,In-store,18-25,827
2022-11-21,Product A,West,In-store,18-25,414
2022-04-08,Product A,North,Online,18-25,950
2022-07-17,Product C,North,Online,46-60,988
2022-08-28,Product A,North,Online,26-35,267
2022-05-24,Product A,North,Online,36-45,438
2022-04-07,Product B,East,In-store,36-45,292
2022-07-20,Product C,North,In-store,46-60,552
2022-05-04,Product C,East,In-store,36-45,382
2022-07-06,Product C,West,Online,18-25,435
2022-11-22,Product C,South,In-store,26-35,489
2022-12-15,Product B,North,Online,36-45,624
2022-09-16,Product B,South,Online,26-35,339
2022-05-28,Product A,South,Online,18-25,931
2022-09-09,Product A,West,Online,36-45,582
2022-12-12,Product A,South,Online,46-60,758
2022-05-27,Product A,East,Online,26-35,815
2022-05-28,Product B,South,In-store,18-25,691
2022-12-18,Product C,South,Online,26-35,990
2022-07-18,Product B,South,In-store,36-45,654
2022-11-04,Product A,North,In-store,36-45,557
2022-05-08,Product B,North,Online,46-60,188
2022-02-08,Product C,East,Online,18-25,759
2022-12-04,Product C,East,Online,18-25,194
2022-12-26,Product B,North,In-store,46-60,551
2022-05-09,Product B,East,Online,46-60,527
2022-09-24,Product B,North,In-store,18-25,250
2022-05-31,Product A,West,Online,26-35,613
2022-10-25,Product B,South,Online,26-35,475
2022-04-09,Product B,South,In-store,46-60,121
2022-09-20,Product B,East,In-store,26-35,982
2022-09-09,Product C,North,Online,18-25,412
2022-05-24,Product C,North,In-store,36-45,939
2022-12-12,Product A,East,In-store,36-45,618
2022-04-22,Product A,North,In-store,26-35,305
2022-03-01,Product C,West,In-store,46-60,474
2022-01-02,Product C,South,In-store,46-60,550
2022-10-31,Product C,East,Online,46-60,725
2022-09-11,Product B,East,Online,46-60,883
2022-05-20,Product B,North,In-store,46-60,694
2022-02-06,Product C,East,Online,26-35,278
2022-06-09,Product B,West,Online,36-45,309
2022-01-09,Product B,North,In-store,36-45,599
2022-08-21,Product A,North,Online,26-35,563
2022-04-09,Product C,North,In-store,46-60,939
2022-05-27,Product C,North,In-store,26-35,223
2022-10-31,Product B,West,Online,36-45,212
2022-07-27,Product C,North,In-store,18-25,111
2022-05-11,Product A,East,In-store,26-35,225
2022-06-01,Product A,West,In-store,46-60,664
2022-02-23,Product A,South,In-store,36-45,430
2022-04-30,Product C,South,In-store,36-45,382
2022-06-10,Product C,East,Online,36-45,239
2022-04-26,Product C,East,Online,36-45,500
2022-03-16,Product C,West,In-store,46-60,196
2022-04-23,Product C,South,In-store,18-25,616
2022-04-14,Product A,South,Online,36-45,668
2022-12-06,Product B,South,In-store,26-35,945
2022-09-11,Product A,South,Online,18-25,168
2022-08-15,Product C,South,In-store,36-45,217
2022-04-22,Product A,North,In-store,18-25,987
2022-04-09,Product C,East,In-store,26-35,158
2022-06-02,Product C,North,In-store,36-45,132
2022-12-15,Product A,South,In-store,26-35,417
2022-12-04,Product C,West,In-store,46-60,149
2022-07-13,Product B,West,In-store,36-45,979
2022-11-06,Product C,South,Online,36-45,588
2022-06-12,Product B,South,Online,36-45,118
2022-07-27,Product B,West,Online,36-45,825
2022-06-18,Product C,North,In-store,46-60,296
2022-06-10,Product A,North,In-store,36-45,990
2022-03-09,Product B,South,In-store,18-25,549
2022-10-16,Product A,North,In-store,36-45,658
2022-10-04,Product B,West,In-store,46-60,778
2022-10-31,Product C,North,In-store,36-45,551
2022-05-15,Product C,South,In-store,18-25,388
2022-07-14,Product B,West,Online,46-60,240
2022-05-08,Product C,North,In-store,46-60,183
2022-02-02,Product B,East,Online,18-25,793
2022-06-25,Product C,West,Online,18-25,490
2022-01-22,Product A,West,In-store,18-25,690
2022-08-26,Product C,East,In-store,18-25,314
2022-06-07,Product A,East,Online,18-25,625
2022-02-07,Product C,West,Online,46-60,314
2022-08-18,Product A,East,In-store,46-60,502
2022-12-31,Product C,South,In-store,36-45,227
2022-02-20,Product A,South,Online,36-45,921
2022-09-21,Product B,South,In-store,26-35,576
2022-10-10,Product B,West,In-store,36-45,859
2022-01-27,Product A,East,In-store,36-45,503
2022-08-14,Product C,East,Online,18-25,128
2022-10-04,Product A,North,Online,18-25,891
2022-10-13,Product C,North,Online,36-45,437
2022-04-07,Product B,East,In-store,26-35,930
2022-10-11,Product C,East,In-store,18-25,813
2022-11-13,Product B,East,Online,36-45,460
2022-10-31,Product C,West,Online,36-45,668
2022-05-27,Product C,East,Online,46-60,491
2022-01-04,Product C,North,In-store,26-35,317
2022-02-04,Product A,West,Online,46-60,673
2022-07-11,Product A,East,Online,26-35,768
2022-02-18,Product B,North,In-store,18-25,301
2022-01-17,Product B,West,In-store,26-35,116
2022-06-21,Product A,East,In-store,36-45,421
2022-08-08,Product B,East,Online,36-45,617
2022-06-07,Product A,East,In-store,26-35,669
2022-02-15,Product C,West,In-store,26-35,424
2022-01-06,Product B,North,Online,26-35,511
2022-04-09,Product B,North,In-store,46-60,417
2022-08-21,Product A,South,Online,26-35,780
2022-02-06,Product B,East,Online,18-25,181
2022-10-07,Product B,South,In-store,46-60,573
2022-12-15,Product C,South,In-store,46-60,567
2022-10-29,Product B,North,In-store,26-35,524
2022-06-30,Product C,West,In-store,18-25,830
2022-04-05,Product A,West,In-store,46-60,788
2022-04-09,Product B,North,In-store,36-45,303
2022-07-07,Product C,West,Online,46-60,682
2022-04-26,Product A,South,Online,26-35,486
2022-07-10,Product B,East,In-store,18-25,877
2022-09-10,Product A,North,Online,26-35,197
2022-06-10,Product B,East,In-store,36-45,444
2022-09-13,Product A,West,Online,36-45,902
2022-11-19,Product A,East,Online,36-45,307
2022-05-08,Product C,West,Online,26-35,613
2022-01-18,Product A,West,In-store,46-60,735
2022-10-08,Product B,South,Online,26-35,891
2022-08-11,Product B,West,In-store,18-25,685
2022-02-23,Product C,South,Online,46-60,265
2022-02-27,Product B,South,Online,36-45,121
2022-11-19,Product B,South,Online,26-35,253
2022-12-26,Product B,North,Online,36-45,538
2022-06-23,Product A,North,Online,36-45,394
2022-10-07,Product A,West,In-store,18-25,318
2022-04-24,Product B,South,In-store,46-60,768
2022-10-15,Product C,North,Online,18-25,594
2022-12-08,Product A,South,Online,18-25,329
2022-05-31,Product C,East,Online,18-25,119
2022-05-07,Product B,East,Online,36-45,652
2022-06-04,Product B,East,In-store,18-25,247
2022-09-30,Product A,West,Online,18-25,207
2022-04-14,Product B,South,In-store,46-60,502
2022-10-26,Product A,East,Online,46-60,695
2022-09-03,Product B,North,In-store,18-25,582
2022-06-25,Product B,East,Online,46-60,466
2022-02-08,Product A,East,Online,46-60,933
2022-06-19,Product A,East,In-store,18-25,513
2022-09-04,Product A,West,Online,36-45,408
2022-01-26,Product B,North,Online,18-25,901
2022-12-21,Product B,South,Online,46-60,934
2022-11-02,Product C,North,In-store,36-45,233
2022-01-13,Product A,South,Online,26-35,818
2022-11-12,Product B,West,Online,36-45,382
2022-11-09,Product B,West,In-store,46-60,877
2022-02-05,Product A,West,In-store,36-45,172
2022-06-22,Product C,West,In-store,18-25,580
2022-01-20,Product A,South,Online,26-35,451
2022-11-17,Product C,East,Online,26-35,659
2022-09-21,Product B,South,Online,26-35,425
2022-05-22,Product C,North,In-store,46-60,844
2022-05-23,Product B,West,Online,46-60,542
2022-04-02,Product A,West,Online,26-35,199
2022-12-20,Product A,North,In-store,36-45,158
2022-11-18,Product A,South,In-store,26-35,607
2022-10-15,Product C,East,In-store,36-45,357
2022-08-03,Product B,East,In-store,36-45,512
2022-12-08,Product A,North,In-store,46-60,551
2022-02-20,Product A,East,Online,36-45,164
2022-06-02,Product B,South,In-store,26-35,694
2022-07-05,Product A,South,Online,46-60,253
2022-03-04,Product B,North,Online,18-25,365
2022-07-09,Product B,South,In-store,18-25,920
2022-05-05,Product B,West,In-store,46-60,178
2022-05-30,Product B,North,In-store,26-35,414
2022-11-10,Product B,South,Online,18-25,761
2022-02-27,Product C,North,In-store,18-25,659
2022-12-08,Product A,East,In-store,36-45,990
2022-11-01,Product C,South,In-store,36-45,347
2022-06-29,Product A,West,In-store,26-35,889
2022-06-19,Product C,South,In-store,46-60,967
2022-11-22,Product B,North,Online,26-35,709
2022-09-28,Product A,North,Online,46-60,513
2022-02-23,Product A,South,Online,18-25,124
2022-04-11,Product C,West,In-store,36-45,383
2022-09-21,Product C,West,In-store,26-35,548
2022-02-22,Product A,West,In-store,26-35,980
2022-03-01,Product C,North,Online,46-60,400
2022-04-18,Product C,South,In-store,46-60,167
2022-01-05,Product C,East,In-store,26-35,106
2022-04-13,Product B,North,In-store,46-60,916
2022-07-15,Product B,West,Online,26-35,236
2022-09-19,Product C,South,In-store,26-35,263
2022-12-31,Product C,West,Online,26-35,182
2022-12-16,Product B,East,In-store,18-25,996
2022-02-16,Product B,West,Online,46-60,749
2022-12-21,Product A,West,Online,36-45,519
2022-11-07,Product A,East,Online,36-45,172
2022-11-04,Product B,South,In-store,46-60,336
2022-05-24,Product C,North,In-store,26-35,145
2022-09-26,Product C,South,Online,36-45,717
2022-05-04,Product C,East,Online,36-45,899
2022-04-16,Product C,West,In-store,46-60,361
2022-06-07,Product A,South,In-store,36-45,275
2022-05-27,Product B,North,Online,26-35,265
2022-05-25,Product C,East,In-store,46-60,756
2022-04-30,Product A,South,In-store,26-35,941
2022-11-15,Product C,North,In-store,36-45,469
2022-10-02,Product B,East,In-store,36-45,894
2022-04-02,Product A,North,Online,26-35,153
2022-02-27,Product B,East,In-store,18-25,789
2022-12-12,Product B,West,In-store,36-45,518
2022-08-17,Product A,South,Online,18-25,855
2022-04-27,Product A,North,Online,36-45,606
2022-11-14,Product A,East,In-store,18-25,440
2022-10-06,Product A,North,In-store,18-25,226
2022-05-07,Product A,North,In-store,18-25,508
2022-05-09,Product A,South,In-store,26-35,466
2022-02-27,Product A,West,Online,18-25,370
2022-05-02,Product C,North,Online,18-25,743
2022-01-01,Product B,East,Online,18-25,704
2022-08-27,Product A,East,In-store,36-45,478
2022-10-17,Product C,West,In-store,18-25,172
2022-04-06,Product C,East,In-store,36-45,347
2022-05-06,Product C,West,In-store,18-25,959
2022-04-28,Product B,East,Online,18-25,884
2022-02-17,Product A,South,Online,26-35,142
2022-03-30,Product C,North,In-store,36-45,476
2022-08-25,Product B,South,Online,18-25,140
2022-09-29,Product B,North,In-store,36-45,269
2022-07-08,Product B,North,In-store,36-45,311
2022-07-11,Product C,North,Online,46-60,592
2022-03-10,Product A,South,In-store,26-35,779
2022-10-05,Product C,North,In-store,26-35,138
2022-12-15,Product C,South,Online,26-35,468
2022-09-04,Product A,West,In-store,46-60,856
2022-03-17,Product A,East,In-store,46-60,250
2022-06-03,Product A,East,Online,26-35,210
2022-05-24,Product B,North,In-store,46-60,579
2022-03-27,Product A,South,Online,46-60,535
2022-07-04,Product C,East,In-store,46-60,146
2022-10-12,Product A,South,Online,26-35,674
2022-08-08,Product C,South,Online,26-35,836
2022-03-10,Product B,North,Online,26-35,465
2022-02-16,Product C,East,In-store,46-60,168
2022-04-04,Product C,North,Online,26-35,398
2022-08-26,Product A,North,Online,46-60,901
2022-07-23,Product A,East,Online,18-25,395
2022-08-06,Product C,East,Online,46-60,302
2022-12-07,Product A,West,Online,36-45,160
2022-02-08,Product B,West,In-store,26-35,929
2022-04-10,Product B,South,In-store,26-35,413
2022-10-16,Product A,East,In-store,36-45,260
2022-09-11,Product B,West,In-store,46-60,430
2022-08-10,Product A,South,In-store,18-25,627
2022-12-23,Product C,South,In-store,36-45,437
2022-01-23,Product C,South,In-store,36-45,705
2022-09-07,Product B,West,Online,46-60,403
2022-01-10,Product A,East,In-store,26-35,602
2022-09-03,Product A,North,Online,46-60,749
2022-11-21,Product B,South,Online,36-45,437
2022-04-10,Product C,West,In-store,36-45,649
2022-10-17,Product B,West,Online,26-35,738
2022-06-29,Product C,North,Online,26-35,374
2022-08-11,Product A,North,Online,26-35,263
2022-09-07,Product C,West,Online,46-60,542
2022-05-27,Product B,East,In-store,26-35,418
2022-04-06,Product A,North,In-store,36-45,688
2022-09-14,Product B,West,In-store,36-45,603
2022-11-21,Product B,North,In-store,18-25,785
2022-01-04,Product C,East,In-store,46-60,486
2022-01-16,Product B,South,In-store,18-25,969
2022-10-07,Product C,North,In-store,36-45,932
2022-12-02,Product A,East,In-store,18-25,987
2022-09-04,Product C,West,In-store,36-45,702
2022-09-15,Product A,North,In-store,18-25,849
2022-06-09,Product C,North,Online,26-35,875
2022-12-06,Product B,West,In-store,18-25,790
2022-06-01,Product C,South,Online,26-35,593
2022-06-27,Product C,West,Online,26-35,589
2022-06-12,Product A,North,Online,46-60,820
2022-02-02,Product B,West,Online,26-35,172
2022-06-28,Product C,East,In-store,26-35,608
2022-04-11,Product B,West,Online,18-25,489
2022-09-25,Product C,North,In-store,36-45,718
2022-11-19,Product C,West,In-store,46-60,956
2022-03-06,Product B,South,Online,26-35,394
2022-06-17,Product C,West,In-store,46-60,468
2022-11-26,Product B,South,Online,18-25,895
2022-02-12,Product C,East,Online,26-35,964
2022-02-13,Product A,South,In-store,18-25,793
2022-10-12,Product B,West,In-store,46-60,648
2022-01-12,Product C,North,Online,18-25,748
2022-04-05,Product C,South,In-store,46-60,949
2022-10-29,Product A,East,In-store,18-25,667
2022-09-10,Product B,South,In-store,46-60,286
2022-08-30,Product C,South,Online,36-45,952
2022-02-04,Product A,South,Online,18-25,869
2022-08-03,Product C,East,In-store,18-25,544
2022-12-03,Product B,West,In-store,36-45,669
2022-03-31,Product C,South,In-store,36-45,462
2022-09-21,Product C,South,In-store,18-25,222
2022-04-03,Product C,North,In-store,36-45,287
2022-03-31,Product C,East,Online,26-35,841
2022-04-25,Product A,South,In-store,46-60,779
2022-04-15,Product A,East,Online,46-60,519
2022-07-15,Product B,South,In-store,46-60,725
2022-11-10,Product A,West,Online,26-35,351
2022-04-24,Product A,West,In-store,36-45,718
2022-03-16,Product B,South,Online,36-45,648
2022-08-05,Product A,West,In-store,18-25,434
2022-10-04,Product A,South,Online,36-45,191
2022-09-06,Product B,West,Online,18-25,629
2022-06-13,Product B,North,Online,26-35,965
2022-12-23,Product B,North,Online,46-60,162
2022-07-11,Product C,North,Online,46-60,761
2022-08-15,Product C,East,Online,46-60,611
2022-06-26,Product B,East,In-store,36-45,238
2022-04-09,Product B,North,Online,18-25,797
2022-02-05,Product B,East,In-store,18-25,284
2022-04-06,Product C,West,In-store,26-35,304
2022-06-01,Product C,South,In-store,36-45,871
2022-05-31,Product A,South,In-store,26-35,313
2022-07-09,Product A,South,In-store,18-25,355
2022-08-12,Product B,North,Online,18-25,234
2022-02-06,Product C,East,Online,46-60,672
2022-09-25,Product C,West,Online,36-45,974
2022-07-02,Product C,West,In-store,18-25,921
2022-01-13,Product B,North,Online,46-60,187
2022-10-06,Product A,West,Online,36-45,935
2022-08-05,Product B,West,Online,26-35,306
2022-12-21,Product A,West,Online,36-45,228
2022-12-27,Product A,West,Online,36-45,922
2022-10-13,Product B,East,In-store,18-25,102
2022-09-30,Product A,West,Online,18-25,853
2022-03-03,Product A,South,In-store,36-45,220
2022-03-25,Product C,North,In-store,18-25,484
2022-08-05,Product A,East,In-store,18-25,713
2022-12-08,Product B,West,In-store,18-25,137
2022-07-06,Product B,East,In-store,46-60,440
2022-01-19,Product A,West,Online,46-60,744
2022-06-26,Product C,South,Online,36-45,813
2022-04-10,Product C,North,Online,18-25,959
2022-08-21,Product A,West,In-store,46-60,120
2022-03-17,Product A,West,Online,36-45,341
2022-09-22,Product B,West,Online,18-25,554
2022-10-11,Product A,West,In-store,26-35,720
2022-07-25,Product C,North,In-store,18-25,402
2022-08-11,Product A,North,In-store,18-25,695
2022-02-21,Product B,South,In-store,46-60,694
2022-12-05,Product B,North,Online,36-45,902
2022-05-24,Product B,West,In-store,36-45,168
2022-03-10,Product B,South,In-store,46-60,228
2022-04-09,Product B,South,Online,18-25,295
2022-01-25,Product A,South,Online,26-35,239
2022-02-22,Product A,West,In-store,18-25,543
2022-05-31,Product A,East,Online,18-25,382
2022-05-24,Product A,West,In-store,26-35,411
2022-02-26,Product B,North,In-store,46-60,845
2022-02-08,Product C,North,Online,36-45,634
2022-04-19,Product A,West,Online,46-60,764
2022-06-30,Product C,West,In-store,46-60,376
2022-02-11,Product A,South,In-store,18-25,160
2022-07-05,Product A,West,In-store,36-45,418
2022-08-11,Product C,South,Online,36-45,989
2022-05-02,Product B,North,In-store,46-60,151
2022-05-13,Product A,South,In-store,26-35,955
2022-06-12,Product A,West,In-store,46-60,252
2022-08-03,Product A,North,In-store,26-35,848
2022-08-09,Product C,East,In-store,36-45,410
2022-08-23,Product B,South,Online,46-60,913
2022-11-27,Product C,North,In-store,18-25,643
2022-05-26,Product C,South,In-store,46-60,666
2022-08-27,Product B,North,In-store,36-45,963
2022-03-17,Product C,North,In-store,18-25,488
2022-01-09,Product B,South,Online,18-25,647
2022-03-15,Product A,East,Online,26-35,721
2022-09-10,Product B,North,Online,18-25,276
2022-08-18,Product A,North,In-store,18-25,461
2022-01-07,Product C,North,In-store,46-60,413
2022-06-23,Product C,East,Online,36-45,906
2022-05-21,Product A,East,Online,26-35,947
2022-06-17,Product C,West,Online,46-60,196
2022-06-19,Product B,South,In-store,18-25,980
2022-10-10,Product A,East,In-store,18-25,312
2022-05-02,Product C,South,Online,26-35,928
2022-07-13,Product A,West,Online,36-45,236
2022-01-05,Product B,South,Online,26-35,105
2022-01-29,Product B,East,In-store,46-60,208
2022-06-14,Product C,South,In-store,26-35,646
2022-12-05,Product B,East,In-store,18-25,138
2022-05-16,Product A,South,Online,46-60,761
2022-12-31,Product B,East,Online,18-25,524
2022-11-17,Product A,East,In-store,36-45,729
2022-12-08,Product A,South,Online,18-25,360
2022-05-25,Product B,West,In-store,18-25,525
2022-11-23,Product C,North,Online,26-35,186
2022-08-05,Product B,West,Online,18-25,564
2022-10-28,Product A,South,Online,46-60,175
2022-05-12,Product A,West,Online,46-60,570
2022-10-19,Product B,East,In-store,36-45,513
2022-03-11,Product C,North,Online,46-60,924
2022-09-09,Product C,South,In-store,26-35,994
2022-10-02,Product A,South,In-store,36-45,825
2022-12-30,Product A,South,In-store,46-60,556
2022-07-01,Product C,North,Online,26-35,384
2022-06-16,Product B,East,In-store,46-60,338
2022-04-01,Product A,South,In-store,46-60,776
2022-07-21,Product A,West,In-store,18-25,698
2022-12-12,Product C,South,Online,46-60,752
2022-01-19,Product B,South,Online,46-60,771
2022-02-08,Product C,South,In-store,26-35,657
2022-05-06,Product B,South,Online,26-35,471
2022-06-22,Product B,East,In-store,18-25,594
2022-05-21,Product B,West,In-store,46-60,723
2022-08-30,Product A,East,Online,18-25,144
2022-08-08,Product C,West,In-store,46-60,500
2022-05-06,Product C,South,Online,36-45,346
2022-02-27,Product B,North,Online,36-45,715
2022-05-28,Product A,East,In-store,18-25,696
2022-11-13,Product A,North,Online,18-25,549
2022-12-27,Product C,East,Online,18-25,584
2022-01-01,Product A,South,In-store,26-35,745
2022-12-14,Product A,East,In-store,26-35,719
2022-07-09,Product B,South,Online,26-35,117
2022-07-10,Product A,East,Online,18-25,705
2022-11-08,Product B,South,In-store,46-60,761
2022-04-27,Product C,South,Online,36-45,857
2022-05-14,Product A,West,Online,18-25,388
2022-02-27,Product C,South,Online,26-35,513
2022-02-13,Product C,West,Online,26-35,820
2022-06-22,Product A,South,Online,18-25,737
2022-06-09,Product A,North,Online,18-25,334
2022-06-22,Product C,South,Online,26-35,515
2022-11-13,Product A,North,In-store,46-60,598
2022-10-30,Product B,North,In-store,26-35,733
2022-05-29,Product B,South,In-store,26-35,749
2022-03-21,Product A,North,In-store,18-25,214
2022-08-01,Product C,West,In-store,46-60,773
2022-07-22,Product A,East,Online,26-35,812
2022-09-09,Product A,South,Online,26-35,333
2022-08-17,Product C,North,Online,36-45,639
2022-06-13,Product C,South,Online,18-25,110
2022-08-15,Product B,West,In-store,36-45,305
2022-05-27,Product C,South,Online,36-45,778
2022-01-20,Product B,South,Online,26-35,346
2022-02-16,Product C,North,In-store,18-25,658
2022-08-21,Product A,West,Online,46-60,857
2022-11-01,Product B,East,Online,26-35,226
2022-01-14,Product B,East,In-store,46-60,246
2022-05-23,Product B,North,Online,46-60,217
2022-01-01,Product A,South,Online,18-25,481
2022-02-23,Product A,North,Online,36-45,511
2022-09-16,Product A,North,Online,18-25,763
2022-05-24,Product A,North,Online,46-60,683
2022-01-12,Product A,South,In-store,26-35,462
2022-11-26,Product B,West,In-store,46-60,608
2022-08-12,Product A,North,In-store,26-35,236
2022-09-29,Product B,South,In-store,26-35,274
2022-12-24,Product A,West,In-store,18-25,388
2022-06-05,Product C,North,In-store,46-60,580
2022-01-08,Product B,East,Online,36-45,118
2022-05-02,Product C,West,In-store,46-60,294
2022-12-14,Product B,North,In-store,46-60,429
2022-06-13,Product C,West,Online,36-45,274
2022-03-31,Product A,West,Online,18-25,548
2022-05-16,Product A,West,In-store,46-60,453
2022-07-05,Product A,West,Online,46-60,598
2022-11-12,Product B,West,In-store,26-35,240
2022-06-27,Product C,West,Online,46-60,857
2022-01-28,Product A,North,In-store,36-45,996
2022-08-08,Product C,East,Online,26-35,192
2022-12-23,Product C,South,Online,18-25,338
2022-02-10,Product A,West,In-store,26-35,304
2022-08-16,Product A,South,In-store,36-45,659
2022-07-11,Product C,North,In-store,36-45,532
2022-05-25,Product A,West,In-store,26-35,344
2022-07-20,Product A,East,In-store,18-25,931
2022-07-31,Product A,South,Online,26-35,416
2022-08-08,Product B,West,In-store,18-25,394
2022-08-28,Product C,North,In-store,26-35,739
2022-02-15,Product C,East,Online,36-45,955
2022-02-04,Product B,South,Online,46-60,381
2022-09-10,Product C,South,In-store,46-60,116
2022-03-23,Product A,West,Online,18-25,170
2022-09-13,Product C,East,Online,18-25,368
2022-07-16,Product A,East,In-store,18-25,424
2022-10-30,Product B,East,Online,36-45,893
2022-01-10,Product A,East,Online,26-35,404
2022-11-08,Product C,North,In-store,36-45,550
2022-10-13,Product C,East,In-store,46-60,106
2022-08-30,Product C,South,Online,18-25,413
2022-09-08,Product B,South,Online,26-35,916
2022-12-31,Product B,North,In-store,46-60,202
2022-01-05,Product C,South,Online,46-60,920
2022-04-29,Product A,South,Online,46-60,292
2022-10-16,Product B,East,Online,36-45,852
2022-03-06,Product C,South,In-store,18-25,673
2022-05-26,Product C,North,Online,46-60,628
2022-08-12,Product B,East,Online,18-25,270
2022-08-27,Product B,West,In-store,36-45,636
2022-06-26,Product B,East,Online,46-60,350
2022-09-24,Product A,North,Online,36-45,864
2022-12-07,Product A,East,In-store,36-45,486
2022-10-09,Product C,East,In-store,18-25,306
2022-03-04,Product B,North,In-store,46-60,640
2022-08-05,Product A,East,In-store,36-45,728
2022-12-08,Product B,North,Online,46-60,515
2022-11-11,Product C,North,Online,18-25,893
2022-10-10,Product A,West,In-store,36-45,479
2022-06-26,Product A,South,In-store,18-25,243
2022-04-08,Product A,South,Online,46-60,124
2022-04-15,Product C,East,In-store,46-60,921
2022-04-09,Product B,East,Online,18-25,767
2022-11-07,Product A,West,In-store,26-35,172
2022-01-06,Product C,West,Online,36-45,731
2022-07-16,Product B,West,In-store,46-60,923
2022-12-17,Product C,North,In-store,46-60,932
2022-05-13,Product B,West,Online,36-45,192
2022-12-24,Product C,West,In-store,18-25,604
2022-09-16,Product B,East,Online,18-25,697
2022-01-23,Product A,West,Online,18-25,435
2022-02-22,Product B,North,Online,26-35,524
2022-06-14,Product C,North,Online,26-35,598
2022-07-21,Product C,East,Online,46-60,463
2022-03-24,Product B,West,In-store,18-25,729
2022-05-25,Product A,West,In-store,36-45,844
2022-03-26,Product A,North,Online,46-60,298
2022-03-19,Product B,West,In-store,36-45,817
2022-01-01,Product B,West,Online,46-60,512
2022-02-20,Product C,West,In-store,26-35,438
2022-06-22,Product A,South,In-store,46-60,758
2022-07-24,Product B,East,In-store,26-35,528
2022-09-17,Product A,South,In-store,46-60,882
2022-10-15,Product B,East,Online,18-25,998
2022-02-03,Product B,North,Online,36-45,238
2022-12-14,Product A,West,In-store,18-25,792
2022-04-05,Product B,East,In-store,46-60,641
2022-03-13,Product B,South,Online,46-60,156
2022-02-08,Product C,West,In-store,46-60,331
2022-06-03,Product B,North,Online,26-35,757
2022-09-07,Product B,East,Online,36-45,534
2022-06-11,Product B,East,Online,36-45,483
2022-04-28,Product C,East,In-store,46-60,659
2022-09-16,Product A,West,Online,46-60,293
2022-11-02,Product C,South,In-store,26-35,835
2022-09-25,Product C,South,Online,18-25,747
2022-02-23,Product A,East,In-store,18-25,633
2022-08-24,Product C,North,In-store,36-45,617
2022-08-10,Product A,North,In-store,26-35,815
2022-09-08,Product C,South,Online,46-60,850
2022-11-09,Product A,North,Online,36-45,284
2022-04-22,Product B,South,In-store,26-35,971
2022-09-12,Product C,East,In-store,18-25,391
2022-10-30,Product C,South,In-store,26-35,434
2022-07-26,Product C,South,Online,18-25,831
2022-08-17,Product C,East,Online,26-35,215
2022-12-07,Product B,North,Online,36-45,924
2022-03-07,Product C,South,Online,18-25,148
2022-03-16,Product B,South,In-store,36-45,784
2022-04-13,Product B,East,In-store,36-45,181
2022-07-11,Product B,North,Online,18-25,933
2022-09-09,Product B,South,Online,18-25,432
2022-08-14,Product A,East,In-store,46-60,656
2022-10-21,Product A,South,Online,46-60,434
2022-11-02,Product C,West,Online,46-60,631
2022-04-08,Product A,East,Online,36-45,320
2022-12-04,Product A,North,Online,36-45,734
2022-10-13,Product C,North,Online,46-60,845
2022-12-01,Product C,North,Online,36-45,832
2022-12-13,Product C,North,In-store,36-45,422
2022-11-04,Product A,South,Online,18-25,950
2022-09-06,Product A,South,Online,18-25,102
2022-06-15,Product C,North,In-store,36-45,793
2022-12-01,Product B,North,In-store,46-60,305
2022-01-30,Product C,North,In-store,26-35,931
2022-09-04,Product B,South,Online,46-60,139
2022-04-16,Product B,North,In-store,26-35,158
2022-02-20,Product C,North,Online,46-60,673
2022-03-22,Product C,West,Online,18-25,743
2022-05-13,Product C,West,Online,36-45,606
2022-10-12,Product A,North,In-store,36-45,671
2022-05-18,Product B,East,In-store,18-25,983
2022-07-03,Product A,North,In-store,26-35,942
2022-11-26,Product A,West,In-store,26-35,221
2022-09-30,Product C,East,In-store,26-35,578
2022-12-06,Product A,East,Online,18-25,718
2022-03-10,Product C,North,Online,26-35,195
2022-02-03,Product B,West,Online,18-25,958
2022-09-19,Product C,West,Online,46-60,513
2022-02-22,Product A,East,In-store,46-60,334
2022-07-24,Product A,North,In-store,18-25,997
2022-05-06,Product C,South,Online,36-45,161
2022-08-23,Product C,South,In-store,46-60,355
2022-02-12,Product A,West,In-store,26-35,660
2022-08-28,Product B,South,Online,18-25,447
2022-04-21,Product B,West,Online,26-35,770
2022-09-06,Product C,West,In-store,26-35,223
2022-05-31,Product B,West,In-store,36-45,581
2022-07-02,Product A,South,Online,26-35,416
2022-12-02,Product C,West,Online,36-45,603
2022-04-05,Product A,East,Online,46-60,818
2022-01-08,Product A,North,In-store,18-25,147
2022-12-26,Product B,North,Online,26-35,508
2022-07-03,Product C,West,Online,18-25,235
2022-10-08,Product C,North,In-store,26-35,300
2022-07-14,Product B,South,In-store,18-25,349
2022-12-18,Product A,South,In-store,26-35,413
2022-07-14,Product A,North,In-store,26-35,968
2022-06-04,Product A,South,In-store,26-35,467
2022-04-03,Product A,North,Online,26-35,528
2022-06-09,Product C,North,Online,26-35,929
2022-03-02,Product C,North,In-store,26-35,906
2022-05-02,Product B,West,In-store,26-35,579
2022-02-20,Product B,North,In-store,26-35,413
2022-10-04,Product C,West,In-store,26-35,599
2022-01-05,Product C,North,In-store,18-25,820
2022-04-02,Product A,North,Online,36-45,454
2022-06-19,Product A,North,Online,26-35,584
2022-11-13,Product B,South,Online,36-45,310
2022-01-22,Product C,West,Online,26-35,803
2022-11-22,Product B,West,In-store,26-35,143
2022-01-01,Product C,North,Online,18-25,640
2022-05-13,Product A,North,In-store,46-60,670
2022-08-21,Product B,South,In-store,46-60,682
2022-01-12,Product B,South,In-store,18-25,191
2022-12-12,Product C,South,Online,36-45,364
2022-02-15,Product A,West,In-store,46-60,994
2022-02-03,Product B,West,Online,18-25,319
2022-03-19,Product A,West,Online,18-25,541
2022-08-06,Product B,North,In-store,46-60,500
2022-10-28,Product A,West,In-store,36-45,499
2022-03-14,Product C,East,In-store,18-25,826
2022-10-09,Product B,East,Online,26-35,998
2022-09-06,Product B,South,In-store,36-45,888
2022-02-16,Product A,West,Online,36-45,675
2022-05-01,Product A,East,In-store,46-60,957
2022-08-02,Product B,South,In-store,46-60,903
2022-08-27,Product C,West,Online,26-35,589
2022-02-25,Product A,North,Online,18-25,584
2022-12-16,Product A,East,Online,46-60,856
2022-04-17,Product A,North,Online,46-60,569
2022-11-15,Product B,West,Online,36-45,673
2022-02-17,Product B,East,Online,46-60,943
2022-03-02,Product B,West,In-store,46-60,781
2022-12-03,Product B,North,In-store,46-60,544
2022-01-26,Product C,East,Online,46-60,368
2022-10-19,Product C,North,In-store,36-45,366
2022-09-14,Product B,West,Online,26-35,153
2022-01-08,Product C,West,In-store,26-35,627
2022-04-23,Product A,North,In-store,18-25,619
2022-12-21,Product A,East,Online,46-60,715
2022-09-10,Product A,North,Online,36-45,158
2022-06-29,Product B,West,Online,18-25,924
2022-07-26,Product A,North,In-store,18-25,139
2022-10-30,Product C,West,Online,26-35,336
2022-05-07,Product B,North,In-store,36-45,485
2022-02-25,Product C,East,Online,36-45,705
2022-08-02,Product A,East,In-store,36-45,833
2022-01-14,Product A,North,In-store,26-35,815
2022-01-28,Product A,North,Online,26-35,749
2022-03-19,Product B,East,In-store,26-35,399
2022-08-04,Product C,West,In-store,26-35,494
2022-12-31,Product B,East,Online,26-35,306
2022-06-03,Product B,West,In-store,46-60,435
2022-01-14,Product A,North,Online,46-60,692
2022-07-06,Product B,North,Online,36-45,829
2022-11-08,Product B,West,Online,18-25,613
2022-01-07,Product A,North,Online,36-45,277
2022-01-03,Product B,West,In-store,18-25,495
2022-04-21,Product A,South,In-store,26-35,470
2022-08-26,Product A,East,In-store,18-25,957
2022-12-29,Product A,South,Online,36-45,890
2022-08-27,Product A,West,In-store,36-45,757
2022-10-01,Product B,East,In-store,18-25,417
2022-10-21,Product A,West,Online,46-60,835
2022-08-15,Product A,East,Online,26-35,468
2022-01-15,Product B,East,In-store,26-35,483
2022-07-11,Product B,East,Online,36-45,161
2022-04-29,Product C,East,Online,46-60,905
2022-01-28,Product B,West,Online,18-25,604
2022-07-21,Product B,East,Online,26-35,338
2022-02-08,Product C,East,In-store,46-60,294
2022-09-30,Product B,South,Online,26-35,777
2022-08-19,Product B,North,Online,46-60,321
2022-03-27,Product B,North,Online,46-60,160
2022-05-06,Product B,South,Online,36-45,228
2022-10-27,Product C,South,Online,26-35,784
2022-01-25,Product B,West,Online,18-25,255
2022-05-25,Product B,West,Online,36-45,477
2022-01-13,Product C,West,Online,36-45,721
2022-07-31,Product A,South,In-store,18-25,880
2022-01-25,Product C,South,Online,36-45,967
2022-03-09,Product A,East,In-store,46-60,889
2022-03-08,Product C,West,Online,46-60,685
2022-08-21,Product C,West,Online,26-35,536
2022-04-19,Product B,West,Online,26-35,306
2022-05-26,Product A,North,Online,18-25,487
2022-04-21,Product B,East,In-store,26-35,579
2022-08-16,Product A,West,Online,46-60,890
2022-04-21,Product C,West,Online,18-25,986
2022-02-03,Product C,West,In-store,18-25,937
2022-04-21,Product A,North,In-store,26-35,439
2022-09-21,Product B,North,Online,46-60,968
2022-08-24,Product B,South,In-store,18-25,439
2022-03-24,Product B,East,In-store,46-60,303
2022-02-11,Product B,South,In-store,46-60,260
2022-04-11,Product C,East,Online,46-60,639
2022-01-06,Product C,North,Online,26-35,491
2022-06-29,Product C,West,Online,36-45,868
2022-10-09,Product C,South,In-store,36-45,776
2022-11-16,Product C,West,Online,18-25,674
2022-08-14,Product B,South,In-store,46-60,633
2022-11-11,Product B,North,Online,26-35,169
2022-12-31,Product B,North,Online,46-60,992
2022-08-17,Product B,North,In-store,46-60,504
2022-10-16,Product C,South,Online,26-35,707
2022-05-30,Product C,East,In-store,36-45,774
2022-10-04,Product C,South,In-store,46-60,690
2022-07-17,Product A,East,Online,46-60,616
2022-03-11,Product B,South,In-store,36-45,927
2022-04-22,Product B,South,Online,26-35,219
2022-01-04,Product C,North,Online,18-25,913
2022-12-16,Product B,West,In-store,36-45,789
2022-11-27,Product B,West,Online,18-25,787
2022-11-14,Product C,East,In-store,18-25,316
2022-12-16,Product A,West,Online,36-45,155
2022-04-05,Product A,South,Online,46-60,465
2022-06-01,Product A,South,Online,18-25,798
2022-11-07,Product C,North,Online,18-25,603
2022-05-17,Product B,North,Online,26-35,843
2022-09-04,Product C,West,In-store,46-60,866
2022-08-31,Product C,East,In-store,18-25,554
2022-01-31,Product B,West,In-store,26-35,203
2022-02-09,Product A,West,In-store,46-60,176
2022-08-17,Product A,West,In-store,36-45,329
2022-02-05,Product C,West,In-store,36-45,357
2022-08-11,Product A,South,Online,26-35,363
2022-01-06,Product C,East,Online,36-45,430
2022-11-18,Product C,South,In-store,18-25,281
2022-08-08,Product B,East,In-store,46-60,992
2022-03-16,Product B,North,Online,18-25,867
2022-01-04,Product B,West,Online,18-25,649
2022-12-01,Product C,South,Online,36-45,787
2022-05-14,Product B,East,In-store,18-25,126
2022-04-28,Product A,North,In-store,36-45,375
2022-04-04,Product A,North,In-store,46-60,751
2022-03-03,Product C,West,Online,46-60,398
2022-07-13,Product C,East,Online,18-25,898
2022-12-01,Product B,South,In-store,26-35,190
2022-07-22,Product C,West,In-store,36-45,579
2022-01-26,Product C,South,Online,36-45,672
2022-06-22,Product A,North,Online,18-25,557
2022-10-27,Product A,South,Online,36-45,550
2022-05-13,Product B,South,Online,36-45,464
2022-11-22,Product C,West,In-store,26-35,958
2022-04-28,Product C,South,Online,26-35,774
2022-11-20,Product A,West,Online,18-25,450
2022-10-02,Product C,North,Online,26-35,754
2022-07-31,Product A,West,In-store,18-25,499
2022-08-13,Product B,West,In-store,46-60,352
2022-01-20,Product A,East,Online,18-25,880
2022-04-23,Product C,South,Online,46-60,980
2022-05-20,Product B,North,Online,18-25,902
2022-02-16,Product A,West,In-store,36-45,558
2022-01-01,Product A,North,In-store,26-35,798
2022-03-31,Product B,East,In-store,46-60,598
2022-05-22,Product B,South,Online,18-25,607
2022-11-16,Product A,West,In-store,26-35,403
2022-02-07,Product C,South,Online,18-25,600
2022-10-20,Product A,East,Online,26-35,902
2022-05-19,Product B,East,Online,26-35,697
2022-12-22,Product A,North,In-store,18-25,265
2022-11-29,Product B,West,Online,46-60,514
